title,url
1,https://youtu.be/ZYd7m2MMzns
2,https://youtu.be/aEGzaJWZ3jI
3,https://youtu.be/8x2iJ8BSX6Y
4,https://youtu.be/3hw1dUtzins
5,https://youtu.be/aT5i0NrMzYk
6,https://youtu.be/j-EarJq41UE
7,https://youtu.be/nVlFqJolfeQ
8,https://youtu.be/UOXVgvjoZxA
A1,https://youtu.be/97hMIxZS1jk
RC1a,https://youtu.be/Mjji2gL2A9s
RC1b,https://youtu.be/jwrMkpPHMeA
RC2,https://youtu.be/oJOU7SBgRK8
RC3,https://youtu.be/wsEwM0S6JMU
RC4,https://youtu.be/deEgrd0-2Gs
A2,https://youtu.be/PmjkbFDFBgw
RC5a,https://youtu.be/jCyQbg3AakU
RC5b,https://youtu.be/lehtpDmIFTM
RC6,https://youtu.be/1BWgreIrur8
RC7,https://youtu.be/7yz97a-kdQo
A3a,https://youtu.be/fFudlcCYOUs
A3b,https://youtu.be/uWTnSy_rM3c
RC8,https://youtu.be/91Dux050D4o
RC9,https://youtu.be/wuQ1tCvVuNc
RC10,https://youtu.be/C9jtZV5tSGE
A4,https://youtu.be/rrBEYV6YMsc
RC11,https://youtu.be/AViUwblSA7A
RC12,https://youtu.be/Y7ubRcJEUJg
RC13,https://youtu.be/yzLLWsq7Wrc
A5,https://youtu.be/4_vQZF4Kmuw
RC14,https://youtu.be/qGkj7EPQp_Y
RC15,https://youtu.be/M0RJhBDGLh4
RC16,https://youtu.be/Ky5gw0VH7KQ
RC17,https://youtu.be/oLNbldN0t5k
RC18,https://youtu.be/Ly5qT5RnDZU
RC19,https://youtu.be/v_aEbTIObhU
A6,https://youtu.be/vsLG2yi2Lkk
A7,https://youtu.be/YiYjxTBPjHo
A8,https://youtu.be/XTXPkxbTbeE
A9,https://youtu.be/t-9DDOc38U0
A10,https://youtu.be/C63K0g8z2mE
A11,https://youtu.be/Er42lld3dxs
A12,https://youtu.be/BuCHougnhbo
A13,https://youtu.be/M0VuMrkoiMA
A14,https://youtu.be/Cj0MLklzksc
A15,https://youtu.be/WEazcv7hDgg
A16,https://youtu.be/DSkFS63NWjU
RC20,https://youtu.be/GHYApzR4cHM
RC21,https://youtu.be/gMMFkLRfB2A
A17,https://youtu.be/X4bD18_TJyA
RC21b,https://youtu.be/4CQK1MYy3FQ
RC22,https://youtu.be/e1w3gTz-_8I
RC23,https://youtu.be/vaQdSaOgexY
A18,https://youtu.be/7OGL60ESd2U
RC24,https://youtu.be/aJEHmOiMU3I
RC25,https://youtu.be/2cdqIbL70IE
RC26,https://youtu.be/kor9qw5YQQ0
A18b,https://youtu.be/Vs2C7XGsf4U
A19,https://youtu.be/3TZSiaIh7r0
RC27a,https://youtu.be/IduB2lVJsjA
RC27,https://youtu.be/ePttn7JcV6Q
RC28,https://youtu.be/sVOeWoLChjA
RC29,https://youtu.be/JoCPgINqRUg
A19b,https://youtu.be/ZnhOaDc4yVc
RC29b,https://youtu.be/o-8V9MwSSzY
A20,https://youtu.be/v4CX0t7jKVQ
RC30,https://youtu.be/6y2dx63vQmQ
RC31,https://youtu.be/3Nn8xawZoHI
RC32,https://youtu.be/BpbjyI3FZP4
RC33,https://youtu.be/byhOgOO7obk
RC34,https://youtu.be/6khNdsc5ACc
RC34b,https://youtu.be/D5T_nV3YVZ8
RC34c,https://youtu.be/h9S9_lpj2rY
RC34d,https://youtu.be/U9cCfLJb9-E
RC36,https://youtu.be/EEMhe8efWTo
A21,https://youtu.be/zAYjVwb9XUc
RC37,https://youtu.be/x7yvjBMll2Q
RC38,https://youtu.be/bEi6sQDhI7c
RC39,https://youtu.be/tzPyuPCcu84
A22,https://youtu.be/IkU7G0aPNdA
A23,https://youtu.be/lRR19_SXqhU
A24,https://youtu.be/hy-LT3xXptY
AC1,https://youtu.be/uSqyTHEWmk4
AC2,https://youtu.be/BZRrihh2xkw
AC3,https://youtu.be/3weGAbnZUhA
AC4,https://youtu.be/x-PEurWfLq4
AC5,https://youtu.be/w-v09qVn02Q
AC6,https://youtu.be/P-E12pvNEe0
AC7,https://youtu.be/wfrjhf7R8Lk
AC8,https://youtu.be/XUBt5p-0txc
AC9,https://youtu.be/zImx2RcY0aw
E1,https://youtu.be/uFlFlkVY_rM
E2,https://youtu.be/mOZ71hTpIrA
E3,https://youtu.be/-ywYA2z2xlw
E4,https://youtu.be/FDC8tVCL-8I
E5,https://youtu.be/7alSKfx_Btc
F1,
FA1,
FA2,
FA3,
FA4,
FA5,
F2,
FA6,
FA7,
FA8,
F3,
FA9,
FA10,
FA11,
F4,
F5,
Finger1,
Finger2,
Email1,
Email2,
Email3,
Email4,
Feedback1,https://youtu.be/EMnD8s6PPNE
Feedback2,https://youtu.be/xXLJHbvTbHw
The Human Measure_Kurzi,https://youtu.be/WJszIChxu0s
The Human Measure_Corona,https://youtu.be/lR74Mvoxw_U
The Human Measure_Barri,https://youtu.be/iY68bAaOZzQ
The Human Measure_Lang,https://youtu.be/0XKXFmve5XU
A UNIVERSAL PERSON_Kurzi,https://youtu.be/ndcgnKu-0WE
A UNIVERSAL PERSON_Corona,https://youtu.be/OdHOCU9Xm1k
A UNIVERSAL PERSON_Barri,https://youtu.be/2ItprhQ9XYI
A UNIVERSAL PERSON_Lang,https://youtu.be/1U-Etp2AWcM
BIOTOPE_Kurzi,https://youtu.be/3fzOO8mr7qo
BIOTOPE_Corona,https://youtu.be/Z7OpLpNaJUc
BIOTOPE_Barri,https://youtu.be/YmOc3EAiv7M
BIOTOPE_Lang,https://youtu.be/XL6jY9U2MCE
Biotopia. Eine Fortpflanzung_Kurzi,https://youtu.be/xRbGdacP5iM
Biotopia. Eine Fortpflanzung_Corona,https://youtu.be/GFfLhoK1EEc
Biotopia. Eine Fortpflanzung_Barri,https://youtu.be/gqDj-tVD3jU
Biotopia. Eine Fortpflanzung_Lang,https://youtu.be/iAMdtC5u_gM
Herbarium_Kurzi,https://youtu.be/iI7zj2nX9wQ
Herbarium_Corona,https://youtu.be/UAgVsY8cBCA
Herbarium_Barri,https://youtu.be/dl3XUN3S0D0
Herbarium_Lang,https://youtu.be/kCqKgtpyx8E
iBelieve_Kurzi,https://youtu.be/DTI4R7R5kCU
iBelieve_Corona,https://youtu.be/b0O4ILv35Kc
iBelieve_Barri,https://youtu.be/98f-YH0bDMc
iBelieve_Lang,https://youtu.be/_CSNyCTyo5g
Unseen_Kurzi,https://youtu.be/nrUFXCsdMnc
Unseen_Corona,https://youtu.be/WSXDvWNno6U
Unseen_Barri,https://youtu.be/kaKxWJxOEiA
Unseen_Lang,https://youtu.be/2gifKMfgOeo
Alles Aber Anders_Kurzi,https://youtu.be/oBRFvv0cZiA
Alles Aber Anders_Corona,https://youtu.be/zvKcKX4keyk
Alles Aber Anders_Barri,https://youtu.be/kpo9FEJXe1g
Alles Aber Anders_Lang,https://youtu.be/hl5GKKqmSFU
AGENDA_Kurzi,https://youtu.be/RrTiMa17whM
AGENDA_Corona,https://youtu.be/yOf7nKOf2Z0
AGENDA_Barri,https://youtu.be/cuzvtK-dcJk
AGENDA_Lang,https://youtu.be/vH5F090Y5no
VAGABUNDEN_Kurzi,https://youtu.be/p737LcCdtRE
VAGABUNDEN_Corona,https://youtu.be/81Yxjzw63Dg
VAGABUNDEN_Barri,https://youtu.be/34DAQIrdf0Y
VAGABUNDEN_Lang,https://youtu.be/s6IdyHlulIE
ENTLOVE YOU!_Kurzi,https://youtu.be/jk78eEthbK0
ENTLOVE YOU!_Corona,https://youtu.be/9bQJIBd_iV0
ENTLOVE YOU!_Barri,https://youtu.be/bmUJZM6m2lA
ENTLOVE YOU!_Lang,https://youtu.be/WqzY6M7dgaU
HAPPY ISLAND_Kurzi,https://youtu.be/b1zSpwXMksM
HAPPY ISLAND_Corona,https://youtu.be/2wm_d3Wpe6c
HAPPY ISLAND_Barri,https://youtu.be/BkZxpGlakeQ
HAPPY ISLAND_Lang,https://youtu.be/dCnWcGiwxeQ
queertopolis_Kurzi,https://youtu.be/BGjVPeHp3NI
queertopolis_Corona,https://youtu.be/pwQmeRcFwYU
queertopolis_Barri,https://youtu.be/ejN4grOa2bM
queertopolis_Lang,https://youtu.be/a_qc3lXltV4
Frischtextlabor_Kurzi,https://youtu.be/Un9qdMCFInM
Frischtextlabor_Corona,https://youtu.be/jua9y5HW73I
Frischtextlabor_Barri,https://youtu.be/x2U0sYBr_qg
Frischtextlabor_Lang,https://youtu.be/4Q-LIJ3rwKU
Totentanz Café_Kurzi,https://youtu.be/_NfXktpP3oY
Totentanz Café_Corona,https://youtu.be/Vtd6T1T547s
Totentanz Café_Barri,https://youtu.be/vQUO9oQuuOg
Totentanz Café_Lang,https://youtu.be/cKp8GUdN09o
ÄLLEI_Kurzi,https://youtu.be/mASAIjgn8Ks
ÄLLEI_Corona,https://youtu.be/ImGv5cIXTUc
ÄLLEI_Barri,https://youtu.be/6CKxHRhd_ZA
ÄLLEI_Lang,https://youtu.be/mASAIjgn8Ks
Intro_Video,https://youtu.be/OiXxmumZfTA
Intro_Video_LS,https://youtu.be/IlRZJVJld-8
SB_Intro,https://youtu.be/iv4Sa2ZjjgM
SB_Theme,https://youtu.be/50yWjnsIxTY
